id,first_name,last_name,email,gender,ssn
33,Josselyn,Bilton,jbiltonw@youku.com,Female,221-38-3161
37,Jay,Hampton,jhampton10@wikia.com,Male,387-33-2200
57,Bentley,Terrington,bterrington1k@creativecommons.org,Male,827-71-6366
80,Estelle,Boraston,eboraston27@youku.com,Female,503-59-3438
120,Trudie,Arton,tarton3b@webnode.com,Female,226-49-7984
191,Patrizia,Cowton,pcowton5a@eepurl.com,Female,654-40-4420
194,Thadeus,McIlhatton,tmcilhatton5d@mashable.com,Male,482-48-6406
196,Zsazsa,Ayton,zayton5f@ifeng.com,Female,864-87-4928
211,Tracey,Dufton,,Male,171-78-5087
231,Kalil,Thorrington,kthorrington6e@elegantthemes.com,Male,544-43-9670
239,Cassey,Wennington,cwennington6m@storify.com,Female,610-75-3356
308,Meredithe,Bealton,mbealton8j@ning.com,Female,607-19-6084
370,Bettine,Clapton,,Female,775-37-7061
450,Tresa,Streeton,tstreetonch@discuz.net,Female,689-16-1476
597,Vaughn,Huton,vhutongk@wikimedia.org,Male,412-43-0877
871,Angelica,Ellington,aellingtono6@fda.gov,Female,730-38-0320
901,Kienan,Charleston,kcharlestonp0@wufoo.com,Male,277-52-3611
920,Twyla,Sumpton,,,745-87-3849
942,Archer,Mewton,amewtonq5@theatlantic.com,Male,414-95-3992
